url_path,views_total,views_unique
/EarthSciML/AtmosphericDeposition.jl/pull/78,24,5
/EarthSciML/AtmosphericDeposition.jl/pulls,22,3
/EarthSciML/AtmosphericDeposition.jl/pull/78/files,20,7
/EarthSciML/AtmosphericDeposition.jl,16,5
/EarthSciML/AtmosphericDeposition.jl/pull/81,4,3
/EarthSciML/AtmosphericDeposition.jl/pull/78/commits/06249416af6f39a9211ccfefbbedac9ddfc644b1,3,1
/EarthSciML/AtmosphericDeposition.jl/pull/78/commits/6851ebd6b6b179594672787af8a8b82c1c5e8368,2,2
/EarthSciML/AtmosphericDeposition.jl/pull/79,2,2
/EarthSciML/AtmosphericDeposition.jl/blob/6851ebd6b6b179594672787af8a8b82c1c5e8368/src/dry_deposition.jl,2,1
/EarthSciML/AtmosphericDeposition.jl/fork,2,1
